{
  "experiment": "gascity-mcp-comparison",
  "generated": "2026-04-30T03:17:25Z",
  "config_count": 2,
  "config_summaries": {
    "baseline": {
      "tasks_completed": 15,
      "mean_automated_score": 0.8333332666666666,
      "mean_reward": 0.8333332666666666,
      "stdev_automated_score": 0.1259880316818493,
      "total_cost_usd": 27.319405450000005,
      "mean_cost_per_task": 1.8212936966666669,
      "total_time_seconds": 3811.005490028765,
      "score_per_dollar": 0.45755018435073586,
      "mean_precision": 0.31132926666666666,
      "mean_recall": 0.8333332666666666,
      "mean_f1": 0.3589898,
      "ir_diagnostics": {
        "mean_precision": 0.31132926666666666,
        "mean_recall": 0.8333332666666666,
        "mean_f1": 0.3589898
      }
    },
    "with-sourcegraph": {
      "tasks_completed": 15,
      "mean_automated_score": 0.6222222666666667,
      "mean_reward": 0.6222222666666667,
      "stdev_automated_score": 0.17213267462067353,
      "total_cost_usd": 21.140645749999997,
      "mean_cost_per_task": 1.4093763833333333,
      "total_time_seconds": 2475.319333496038,
      "score_per_dollar": 0.4414876494489295,
      "mean_precision": 0.5795507333333333,
      "mean_recall": 0.6222222666666667,
      "mean_f1": 0.4958752,
      "ir_diagnostics": {
        "mean_precision": 0.5795507333333333,
        "mean_recall": 0.6222222666666667,
        "mean_f1": 0.4958752
      }
    }
  },
  "pairwise_deltas": [
    {
      "config_a": "baseline",
      "config_b": "with-sourcegraph",
      "shared_tasks": 5,
      "mean_delta": -0.2333,
      "wins_a": 3,
      "wins_b": 0,
      "ties": 2,
      "cohens_d": -0.837
    }
  ],
  "bias_warnings": [
    {
      "kind": "backend_overlap",
      "severity": "informational",
      "message": "'with-sourcegraph' has access to sourcegraph, which contributed to the ground truth \u2014 but the curator independently corroborated GT via ast, curated, grep, so this is informational rather than a tautology risk.",
      "detail": {
        "config": "with-sourcegraph",
        "shared_backends": [
          "sourcegraph"
        ],
        "independent_backends": [
          "ast",
          "curated",
          "grep"
        ],
        "affected_task_count": 5,
        "affected_tasks": [
          "38223444",
          "6cf61fea",
          "b826fa9d",
          "d9fee4ae",
          "e5d7a4e7"
        ]
      }
    }
  ],
  "quality_metrics": {
    "schema_version": 1,
    "overall": {
      "scope": "overall",
      "total_trials": 30,
      "valid_trials": 30,
      "invalid_trials": 0,
      "low_quality_trials": 15,
      "invalid_rate": 0.0,
      "valid_rate": 1.0,
      "low_quality_rate": 0.5,
      "flag_counts": {
        "backend_overlap_informational": 15,
        "low_recall": 3
      },
      "error_category_counts": {},
      "experiment_warnings": []
    },
    "per_config": {
      "baseline": {
        "scope": "baseline",
        "total_trials": 15,
        "valid_trials": 15,
        "invalid_trials": 0,
        "low_quality_trials": 0,
        "invalid_rate": 0.0,
        "valid_rate": 1.0,
        "low_quality_rate": 0.0,
        "flag_counts": {},
        "error_category_counts": {},
        "experiment_warnings": []
      },
      "with-sourcegraph": {
        "scope": "with-sourcegraph",
        "total_trials": 15,
        "valid_trials": 15,
        "invalid_trials": 0,
        "low_quality_trials": 15,
        "invalid_rate": 0.0,
        "valid_rate": 1.0,
        "low_quality_rate": 1.0,
        "flag_counts": {
          "backend_overlap_informational": 15,
          "low_recall": 3
        },
        "error_category_counts": {},
        "experiment_warnings": []
      }
    },
    "low_quality_trials": [
      {
        "task_id": "b826fa9d",
        "config_label": "with-sourcegraph",
        "repeat_index": 0,
        "validity": "valid",
        "validity_reason": null,
        "score": 0.666667,
        "scorer_passed": true,
        "precision": 1.0,
        "recall": 0.666667,
        "f1": 0.8,
        "quality_flags": [
          "backend_overlap_informational"
        ],
        "detail": {}
      },
      {
        "task_id": "d9fee4ae",
        "config_label": "with-sourcegraph",
        "repeat_index": 0,
        "validity": "valid",
        "validity_reason": null,
        "score": 0.833333,
        "scorer_passed": true,
        "precision": 0.3125,
        "recall": 0.833333,
        "f1": 0.454545,
        "quality_flags": [
          "backend_overlap_informational"
        ],
        "detail": {}
      },
      {
        "task_id": "38223444",
        "config_label": "with-sourcegraph",
        "repeat_index": 0,
        "validity": "valid",
        "validity_reason": null,
        "score": 0.333333,
        "scorer_passed": true,
        "precision": 1.0,
        "recall": 0.333333,
        "f1": 0.5,
        "quality_flags": [
          "backend_overlap_informational",
          "low_recall"
        ],
        "detail": {}
      },
      {
        "task_id": "6cf61fea",
        "config_label": "with-sourcegraph",
        "repeat_index": 0,
        "validity": "valid",
        "validity_reason": null,
        "score": 0.666667,
        "scorer_passed": true,
        "precision": 0.210526,
        "recall": 0.666667,
        "f1": 0.32,
        "quality_flags": [
          "backend_overlap_informational"
        ],
        "detail": {}
      },
      {
        "task_id": "e5d7a4e7",
        "config_label": "with-sourcegraph",
        "repeat_index": 0,
        "validity": "valid",
        "validity_reason": null,
        "score": 0.666667,
        "scorer_passed": true,
        "precision": 0.222222,
        "recall": 0.666667,
        "f1": 0.333333,
        "quality_flags": [
          "backend_overlap_informational"
        ],
        "detail": {}
      },
      {
        "task_id": "b826fa9d",
        "config_label": "with-sourcegraph",
        "repeat_index": 1,
        "validity": "valid",
        "validity_reason": null,
        "score": 0.666667,
        "scorer_passed": true,
        "precision": 1.0,
        "recall": 0.666667,
        "f1": 0.8,
        "quality_flags": [
          "backend_overlap_informational"
        ],
        "detail": {}
      },
      {
        "task_id": "38223444",
        "config_label": "with-sourcegraph",
        "repeat_index": 1,
        "validity": "valid",
        "validity_reason": null,
        "score": 0.333333,
        "scorer_passed": true,
        "precision": 1.0,
        "recall": 0.333333,
        "f1": 0.5,
        "quality_flags": [
          "backend_overlap_informational",
          "low_recall"
        ],
        "detail": {}
      },
      {
        "task_id": "6cf61fea",
        "config_label": "with-sourcegraph",
        "repeat_index": 1,
        "validity": "valid",
        "validity_reason": null,
        "score": 0.666667,
        "scorer_passed": true,
        "precision": 0.210526,
        "recall": 0.666667,
        "f1": 0.32,
        "quality_flags": [
          "backend_overlap_informational"
        ],
        "detail": {}
      },
      {
        "task_id": "38223444",
        "config_label": "with-sourcegraph",
        "repeat_index": 2,
        "validity": "valid",
        "validity_reason": null,
        "score": 0.333333,
        "scorer_passed": true,
        "precision": 1.0,
        "recall": 0.333333,
        "f1": 0.5,
        "quality_flags": [
          "backend_overlap_informational",
          "low_recall"
        ],
        "detail": {}
      },
      {
        "task_id": "6cf61fea",
        "config_label": "with-sourcegraph",
        "repeat_index": 2,
        "validity": "valid",
        "validity_reason": null,
        "score": 0.666667,
        "scorer_passed": true,
        "precision": 0.210526,
        "recall": 0.666667,
        "f1": 0.32,
        "quality_flags": [
          "backend_overlap_informational"
        ],